{
  "name": "Room_1",
  "center": [
    -15.567025750875473,
    0.16840141266584396,
    1.2419021725654602
  ],
  "dimensions": [
    29.82218438386917,
    0.748916283249855,
    6.356654524803162
  ],
  "point_count": 4430,
  "has_mesh": true
}