{
  "id": "bed_37",
  "class": "bed",
  "center": [
    -21.892038345336914,
    0.14497993141412735,
    -0.030222833156585693
  ],
  "dimensions": [
    5.277305603027344,
    0.6558994501829147,
    1.4339832067489624
  ],
  "confidence": 0.7386540559030348,
  "point_count": 105,
  "has_mesh": true
}