{
  "id": "tv_2",
  "class": "tv",
  "center": [
    -26.242467880249023,
    0.0003259759396314621,
    0.015742097049951553
  ],
  "dimensions": [
    0.1643524169921875,
    0.06837953254580498,
    0.2093796208500862
  ],
  "confidence": 0.5420009891192118,
  "point_count": 32,
  "has_mesh": true
}