{
  "scene_name": "complete_scene",
  "room_count": 1,
  "furniture_count": 2,
  "rooms": {
    "Room_1": {
      "point_count": 4293,
      "has_mesh": true,
      "center": [
        -15.567025750875473,
        0.16840141266584396,
        1.2419021725654602
      ],
      "dimensions": [
        29.82218438386917,
        0.748916283249855,
        6.356654524803162
      ]
    }
  },
  "furniture_by_class": {
    "tv": 1,
    "bed": 1
  },
  "scene_bounds": null,
  "scene_center": [
    -15.567025750875473,
    0.16840141266584396,
    1.2419021725654602
  ],
  "scene_dimensions": [
    29.82218438386917,
    0.748916283249855,
    6.356654524803162
  ]
}